<?xml version="1.0" encoding="UTF-8"?>
<!DOCTYPE suite SYSTEM "http://testng.org/testng-1.0.dtd">
<suite name="Suite_TodoMVC">
  <test thread-count="5" name="Test_TodoMVC_TestCases">
    <classes>
      <class name="TodoMVC_TestCases.TestCase1_VerifyTitile"/>
      <class name="TodoMVC_TestCases.TestCase2_VerifyTextBoxEnabled"/>
      <class name="TodoMVC_TestCases.TestCase3_AddTaskto_TodosList"/>
      <class name="TodoMVC_TestCases.TestCase4_AddTaskandVerifyFilters"/>
      <class name="TodoMVC_TestCases.TestCase5_RemoveTaskFromTodosList"/>
    </classes>
  </test> <!-- Test_TodoMVC_TestCases -->
</suite> <!-- Suite_TodoMVC -->
